prefix,fec
192.202.229.240/28,EquivalenceClass(192.202.229.240 - 192.202.229.255)
192.202.229.224/28,EquivalenceClass(192.202.229.224 - 192.202.229.239)
192.202.227.0/24,EquivalenceClass(192.202.227.0 - 192.202.227.255)
192.202.226.0/24,EquivalenceClass(192.202.226.0 - 192.202.226.255)
192.202.225.0/24,EquivalenceClass(192.202.225.0 - 192.202.225.255)
192.202.224.0/24,EquivalenceClass(192.202.224.0 - 192.202.224.255)
125.20.208.0/20,EquivalenceClass(125.20.208.0 - 125.20.255.255)
125.20.207.192/26,EquivalenceClass(125.20.207.192 - 125.20.207.255)
125.20.207.128/26,EquivalenceClass(125.20.207.128 - 125.20.207.191)
125.20.207.64/26,EquivalenceClass(125.20.207.64 - 125.20.207.127)
125.20.207.0/26,EquivalenceClass(125.20.207.0 - 125.20.207.63)
125.20.206.192/26,EquivalenceClass(125.20.206.192 - 125.20.206.255)
125.20.206.128/26,EquivalenceClass(125.20.206.128 - 125.20.206.191)
125.20.206.64/26,EquivalenceClass(125.20.206.64 - 125.20.206.127)
125.20.206.0/26,EquivalenceClass(125.20.206.0 - 125.20.206.63)
125.20.205.192/26,EquivalenceClass(125.20.205.192 - 125.20.205.255)
125.20.205.128/26,EquivalenceClass(125.20.205.128 - 125.20.205.191)
125.20.205.64/26,EquivalenceClass(125.20.205.64 - 125.20.205.127)
125.20.205.0/26,EquivalenceClass(125.20.205.0 - 125.20.205.63)
125.20.204.192/26,EquivalenceClass(125.20.204.192 - 125.20.204.255)
125.20.204.128/26,EquivalenceClass(125.20.204.128 - 125.20.204.191)
125.20.204.64/26,EquivalenceClass(125.20.204.64 - 125.20.204.127)
125.20.204.0/26,EquivalenceClass(125.20.204.0 - 125.20.204.63)
125.20.203.0/24,EquivalenceClass(125.20.203.0 - 125.20.203.255)
125.20.202.192/26,EquivalenceClass(125.20.202.192 - 125.20.202.255)
125.20.202.128/26,EquivalenceClass(125.20.202.128 - 125.20.202.191)
125.20.202.64/26,EquivalenceClass(125.20.202.64 - 125.20.202.127)
125.20.202.0/26,EquivalenceClass(125.20.202.0 - 125.20.202.63)
125.20.201.192/26,EquivalenceClass(125.20.201.192 - 125.20.201.255)
125.20.201.128/26,EquivalenceClass(125.20.201.128 - 125.20.201.191)
125.20.201.64/26,EquivalenceClass(125.20.201.64 - 125.20.201.127)
125.20.201.0/26,EquivalenceClass(125.20.201.0 - 125.20.201.63)
125.20.200.192/26,EquivalenceClass(125.20.200.192 - 125.20.200.255)
125.20.200.128/26,EquivalenceClass(125.20.200.128 - 125.20.200.191)
125.20.200.64/26,EquivalenceClass(125.20.200.64 - 125.20.200.127)
125.20.200.0/26,EquivalenceClass(125.20.200.0 - 125.20.200.63)
125.20.199.192/26,EquivalenceClass(125.20.199.192 - 125.20.199.255)
125.20.199.128/26,EquivalenceClass(125.20.199.128 - 125.20.199.191)
125.20.199.64/26,EquivalenceClass(125.20.199.64 - 125.20.199.127)
125.20.199.0/26,EquivalenceClass(125.20.199.0 - 125.20.199.63)
125.20.198.192/26,EquivalenceClass(125.20.198.192 - 125.20.198.255)
125.20.198.128/26,EquivalenceClass(125.20.198.128 - 125.20.198.191)
125.20.198.64/26,EquivalenceClass(125.20.198.64 - 125.20.198.127)
125.20.198.0/26,EquivalenceClass(125.20.198.0 - 125.20.198.63)
125.20.197.192/26,EquivalenceClass(125.20.197.192 - 125.20.197.255)
125.20.197.128/26,EquivalenceClass(125.20.197.128 - 125.20.197.191)
125.20.197.64/26,EquivalenceClass(125.20.197.64 - 125.20.197.127)
125.20.197.0/26,EquivalenceClass(125.20.197.0 - 125.20.197.63)
125.20.196.192/26,EquivalenceClass(125.20.196.192 - 125.20.196.255)
125.20.196.128/26,EquivalenceClass(125.20.196.128 - 125.20.196.191)
125.20.196.64/26,EquivalenceClass(125.20.196.64 - 125.20.196.127)
125.20.196.0/26,EquivalenceClass(125.20.196.0 - 125.20.196.63)
125.20.195.0/24,EquivalenceClass(125.20.195.0 - 125.20.195.255)
125.20.194.192/26,EquivalenceClass(125.20.194.192 - 125.20.194.255)
125.20.194.128/26,EquivalenceClass(125.20.194.128 - 125.20.194.191)
125.20.194.64/26,EquivalenceClass(125.20.194.64 - 125.20.194.127)
125.20.194.0/26,EquivalenceClass(125.20.194.0 - 125.20.194.63)
125.20.193.192/26,EquivalenceClass(125.20.193.192 - 125.20.193.255)
125.20.193.128/26,EquivalenceClass(125.20.193.128 - 125.20.193.191)
125.20.193.64/26,EquivalenceClass(125.20.193.64 - 125.20.193.127)
125.20.193.0/26,EquivalenceClass(125.20.193.0 - 125.20.193.63)
125.20.192.192/26,EquivalenceClass(125.20.192.192 - 125.20.192.255)
125.20.192.128/26,EquivalenceClass(125.20.192.128 - 125.20.192.191)
125.20.192.64/26,EquivalenceClass(125.20.192.64 - 125.20.192.127)
125.20.192.0/26,EquivalenceClass(125.20.192.0 - 125.20.192.63)
125.20.180.40/29,EquivalenceClass(125.20.180.40 - 125.20.191.255)
125.20.180.39/32,EquivalenceClass(125.20.180.39 - 125.20.180.39)
125.20.180.28/30,EquivalenceClass(125.20.180.28 - 125.20.180.38)
125.20.180.27/32,EquivalenceClass(125.20.180.27 - 125.20.180.27)
125.20.180.21/32,EquivalenceClass(125.20.180.21 - 125.20.180.26)
125.20.180.20/32,EquivalenceClass(125.20.180.20 - 125.20.180.20)
125.20.180.16/30,EquivalenceClass(125.20.180.16 - 125.20.180.19)
125.20.180.15/32,EquivalenceClass(125.20.180.15 - 125.20.180.15)
125.20.180.5/32,EquivalenceClass(125.20.180.5 - 125.20.180.14)
125.20.180.4/32,EquivalenceClass(125.20.180.4 - 125.20.180.4)
125.20.177.128/25,EquivalenceClass(125.20.177.128 - 125.20.180.3)
125.20.177.64/26,EquivalenceClass(125.20.177.64 - 125.20.177.127)
125.20.177.0/26,EquivalenceClass(125.20.177.0 - 125.20.177.63)
125.20.175.0/24,EquivalenceClass(125.20.175.0 - 125.20.176.255)
125.20.174.192/26,EquivalenceClass(125.20.174.192 - 125.20.174.255)
125.20.174.128/26,EquivalenceClass(125.20.174.128 - 125.20.174.191)
125.20.174.64/26,EquivalenceClass(125.20.174.64 - 125.20.174.127)
125.20.174.0/26,EquivalenceClass(125.20.174.0 - 125.20.174.63)
125.20.173.0/24,EquivalenceClass(125.20.173.0 - 125.20.173.255)
125.20.172.192/26,EquivalenceClass(125.20.172.192 - 125.20.172.255)
125.20.172.64/26,EquivalenceClass(125.20.172.64 - 125.20.172.191)
125.20.172.0/26,EquivalenceClass(125.20.172.0 - 125.20.172.63)
125.20.160.0/21,EquivalenceClass(125.20.160.0 - 125.20.171.255)
125.20.159.0/24,EquivalenceClass(125.20.159.0 - 125.20.159.255)
125.20.158.0/24,EquivalenceClass(125.20.158.0 - 125.20.158.255)
125.20.156.0/23,EquivalenceClass(125.20.156.0 - 125.20.157.255)
125.20.152.0/22,EquivalenceClass(125.20.152.0 - 125.20.155.255)
125.20.148.0/22,EquivalenceClass(125.20.148.0 - 125.20.151.255)
125.20.144.0/22,EquivalenceClass(125.20.144.0 - 125.20.147.255)
125.20.140.0/22,EquivalenceClass(125.20.140.0 - 125.20.143.255)
125.20.136.0/22,EquivalenceClass(125.20.136.0 - 125.20.139.255)
125.20.132.0/22,EquivalenceClass(125.20.132.0 - 125.20.135.255)
125.20.129.0/24,EquivalenceClass(125.20.129.0 - 125.20.131.255)
125.20.128.0/24,EquivalenceClass(125.20.128.0 - 125.20.128.255)
125.20.120.0/21,EquivalenceClass(125.20.120.0 - 125.20.127.255)
125.20.119.192/26,EquivalenceClass(125.20.119.192 - 125.20.119.255)
125.20.119.128/26,EquivalenceClass(125.20.119.128 - 125.20.119.191)
125.20.119.64/26,EquivalenceClass(125.20.119.64 - 125.20.119.127)
125.20.119.0/26,EquivalenceClass(125.20.119.0 - 125.20.119.63)
125.20.116.0/23,EquivalenceClass(125.20.116.0 - 125.20.118.255)
125.20.115.192/26,EquivalenceClass(125.20.115.192 - 125.20.115.255)
125.20.115.128/26,EquivalenceClass(125.20.115.128 - 125.20.115.191)
125.20.115.64/26,EquivalenceClass(125.20.115.64 - 125.20.115.127)
125.20.115.0/26,EquivalenceClass(125.20.115.0 - 125.20.115.63)
125.20.114.0/24,EquivalenceClass(125.20.114.0 - 125.20.114.255)
125.20.113.224/27,EquivalenceClass(125.20.113.224 - 125.20.113.255)
125.20.113.192/27,EquivalenceClass(125.20.113.192 - 125.20.113.223)
125.20.113.160/27,EquivalenceClass(125.20.113.160 - 125.20.113.191)
125.20.113.128/27,EquivalenceClass(125.20.113.128 - 125.20.113.159)
125.20.113.64/26,EquivalenceClass(125.20.113.64 - 125.20.113.127)
125.20.113.0/26,EquivalenceClass(125.20.113.0 - 125.20.113.63)
125.20.112.224/27,EquivalenceClass(125.20.112.224 - 125.20.112.255)
125.20.112.192/27,EquivalenceClass(125.20.112.192 - 125.20.112.223)
125.20.112.160/27,EquivalenceClass(125.20.112.160 - 125.20.112.191)
125.20.112.128/27,EquivalenceClass(125.20.112.128 - 125.20.112.159)
125.20.112.96/27,EquivalenceClass(125.20.112.96 - 125.20.112.127)
125.20.112.64/27,EquivalenceClass(125.20.112.64 - 125.20.112.95)
125.20.112.0/26,EquivalenceClass(125.20.112.0 - 125.20.112.63)
125.20.111.224/27,EquivalenceClass(125.20.111.224 - 125.20.111.255)
125.20.111.192/27,EquivalenceClass(125.20.111.192 - 125.20.111.223)
125.20.111.160/27,EquivalenceClass(125.20.111.160 - 125.20.111.191)
125.20.111.128/27,EquivalenceClass(125.20.111.128 - 125.20.111.159)
125.20.111.64/26,EquivalenceClass(125.20.111.64 - 125.20.111.127)
125.20.111.0/26,EquivalenceClass(125.20.111.0 - 125.20.111.63)
125.20.110.224/27,EquivalenceClass(125.20.110.224 - 125.20.110.255)
125.20.110.192/27,EquivalenceClass(125.20.110.192 - 125.20.110.223)
125.20.110.160/27,EquivalenceClass(125.20.110.160 - 125.20.110.191)
125.20.110.128/27,EquivalenceClass(125.20.110.128 - 125.20.110.159)
125.20.110.64/26,EquivalenceClass(125.20.110.64 - 125.20.110.127)
125.20.110.32/27,EquivalenceClass(125.20.110.32 - 125.20.110.63)
125.20.110.0/27,EquivalenceClass(125.20.110.0 - 125.20.110.31)
125.20.109.0/24,EquivalenceClass(125.20.109.0 - 125.20.109.255)
125.20.108.192/26,EquivalenceClass(125.20.108.192 - 125.20.108.255)
125.20.108.128/26,EquivalenceClass(125.20.108.128 - 125.20.108.191)
125.20.108.64/26,EquivalenceClass(125.20.108.64 - 125.20.108.127)
125.20.108.0/26,EquivalenceClass(125.20.108.0 - 125.20.108.63)
125.20.105.0/24,EquivalenceClass(125.20.105.0 - 125.20.107.255)
125.20.104.192/26,EquivalenceClass(125.20.104.192 - 125.20.104.255)
125.20.104.128/26,EquivalenceClass(125.20.104.128 - 125.20.104.191)
125.20.104.64/26,EquivalenceClass(125.20.104.64 - 125.20.104.127)
125.20.104.0/26,EquivalenceClass(125.20.104.0 - 125.20.104.63)
125.20.98.0/23,EquivalenceClass(125.20.98.0 - 125.20.103.255)
125.20.97.192/26,EquivalenceClass(125.20.97.192 - 125.20.97.255)
125.20.97.128/26,EquivalenceClass(125.20.97.128 - 125.20.97.191)
125.20.97.0/25,EquivalenceClass(125.20.97.0 - 125.20.97.127)
125.20.96.0/24,EquivalenceClass(125.20.96.0 - 125.20.96.255)
125.20.80.0/20,EquivalenceClass(125.20.80.0 - 125.20.95.255)
125.20.76.0/22,EquivalenceClass(125.20.76.0 - 125.20.79.255)
125.20.72.0/22,EquivalenceClass(125.20.72.0 - 125.20.75.255)
125.20.68.0/22,EquivalenceClass(125.20.68.0 - 125.20.71.255)
125.20.65.0/24,EquivalenceClass(125.20.65.0 - 125.20.67.255)
125.20.64.0/24,EquivalenceClass(125.20.64.0 - 125.20.64.255)
125.20.4.0/22,EquivalenceClass(125.20.4.0 - 125.20.63.255)
125.20.3.192/26,EquivalenceClass(125.20.3.192 - 125.20.3.255)
125.20.3.128/26,EquivalenceClass(125.20.3.128 - 125.20.3.191)
125.20.3.64/26,EquivalenceClass(125.20.3.64 - 125.20.3.127)
125.20.3.0/26,EquivalenceClass(125.20.3.0 - 125.20.3.63)
125.20.2.192/26,EquivalenceClass(125.20.2.192 - 125.20.2.255)
125.20.2.128/26,EquivalenceClass(125.20.2.128 - 125.20.2.191)
125.20.2.64/26,EquivalenceClass(125.20.2.64 - 125.20.2.127)
125.20.2.0/26,EquivalenceClass(125.20.2.0 - 125.20.2.63)
125.20.0.0/23,EquivalenceClass(125.20.0.0 - 125.20.1.255)
124.252.127.192/26,EquivalenceClass(124.252.127.192 - 124.252.127.255)
124.252.127.128/26,EquivalenceClass(124.252.127.128 - 124.252.127.191)
124.252.104.0/21,EquivalenceClass(124.252.104.0 - 124.252.111.255)
124.252.102.64/26,EquivalenceClass(124.252.102.64 - 124.252.102.127)
124.252.101.96/27,EquivalenceClass(124.252.101.96 - 124.252.101.127)
124.252.101.64/27,EquivalenceClass(124.252.101.64 - 124.252.101.95)
124.252.101.32/27,EquivalenceClass(124.252.101.32 - 124.252.101.63)
124.252.101.0/27,EquivalenceClass(124.252.101.0 - 124.252.101.31)
124.252.100.224/27,EquivalenceClass(124.252.100.224 - 124.252.100.255)
124.252.100.192/27,EquivalenceClass(124.252.100.192 - 124.252.100.223)
124.252.100.160/27,EquivalenceClass(124.252.100.160 - 124.252.100.191)
124.252.100.128/27,EquivalenceClass(124.252.100.128 - 124.252.100.159)
124.252.100.96/27,EquivalenceClass(124.252.100.96 - 124.252.100.127)
124.252.100.64/27,EquivalenceClass(124.252.100.64 - 124.252.100.95)
124.252.98.192/26,EquivalenceClass(124.252.98.192 - 124.252.98.255)
124.252.98.128/26,EquivalenceClass(124.252.98.128 - 124.252.98.191)
124.252.98.64/26,EquivalenceClass(124.252.98.64 - 124.252.98.127)
124.252.98.0/26,EquivalenceClass(124.252.98.0 - 124.252.98.63)
124.252.96.192/26,EquivalenceClass(124.252.96.192 - 124.252.96.255)
124.252.96.128/26,EquivalenceClass(124.252.96.128 - 124.252.96.191)
124.252.96.64/26,EquivalenceClass(124.252.96.64 - 124.252.96.127)
124.252.96.0/26,EquivalenceClass(124.252.96.0 - 124.252.96.63)
124.252.24.0/21,EquivalenceClass(124.252.24.0 - 124.252.31.255)
124.252.23.192/26,EquivalenceClass(124.252.23.192 - 124.252.23.255)
124.252.23.128/26,EquivalenceClass(124.252.23.128 - 124.252.23.191)
124.252.23.64/26,EquivalenceClass(124.252.23.64 - 124.252.23.127)
124.252.23.0/26,EquivalenceClass(124.252.23.0 - 124.252.23.63)
124.252.22.192/26,EquivalenceClass(124.252.22.192 - 124.252.22.255)
124.252.22.128/26,EquivalenceClass(124.252.22.128 - 124.252.22.191)
124.252.22.64/26,EquivalenceClass(124.252.22.64 - 124.252.22.127)
124.252.22.0/26,EquivalenceClass(124.252.22.0 - 124.252.22.63)
124.252.21.192/26,EquivalenceClass(124.252.21.192 - 124.252.21.255)
124.252.21.128/26,EquivalenceClass(124.252.21.128 - 124.252.21.191)
124.252.21.64/26,EquivalenceClass(124.252.21.64 - 124.252.21.127)
124.252.21.0/26,EquivalenceClass(124.252.21.0 - 124.252.21.63)
124.252.20.192/26,EquivalenceClass(124.252.20.192 - 124.252.20.255)
124.252.20.128/26,EquivalenceClass(124.252.20.128 - 124.252.20.191)
124.252.20.64/26,EquivalenceClass(124.252.20.64 - 124.252.20.127)
124.252.20.0/26,EquivalenceClass(124.252.20.0 - 124.252.20.63)
124.252.19.192/26,EquivalenceClass(124.252.19.192 - 124.252.19.255)
124.252.19.128/26,EquivalenceClass(124.252.19.128 - 124.252.19.191)
124.252.19.64/26,EquivalenceClass(124.252.19.64 - 124.252.19.127)
124.252.19.0/26,EquivalenceClass(124.252.19.0 - 124.252.19.63)
124.252.18.192/26,EquivalenceClass(124.252.18.192 - 124.252.18.255)
124.252.18.128/26,EquivalenceClass(124.252.18.128 - 124.252.18.191)
124.252.18.64/26,EquivalenceClass(124.252.18.64 - 124.252.18.127)
124.252.18.0/26,EquivalenceClass(124.252.18.0 - 124.252.18.63)
124.252.17.192/26,EquivalenceClass(124.252.17.192 - 124.252.17.255)
124.252.17.128/26,EquivalenceClass(124.252.17.128 - 124.252.17.191)
124.252.17.64/26,EquivalenceClass(124.252.17.64 - 124.252.17.127)
124.252.17.0/26,EquivalenceClass(124.252.17.0 - 124.252.17.63)
124.252.16.192/26,EquivalenceClass(124.252.16.192 - 124.252.16.255)
124.252.16.128/26,EquivalenceClass(124.252.16.128 - 124.252.16.191)
124.252.16.64/26,EquivalenceClass(124.252.16.64 - 124.252.16.127)
124.252.16.0/26,EquivalenceClass(124.252.16.0 - 124.252.16.63)
124.252.0.0/20,EquivalenceClass(124.252.0.0 - 124.252.15.255)
124.70.158.26/31,EquivalenceClass(124.70.158.26 - 124.70.158.27)
124.70.158.24/31,EquivalenceClass(124.70.158.24 - 124.70.158.25)
124.69.102.252/30,EquivalenceClass(124.69.102.252 - 124.69.255.255)
124.69.102.250/31,EquivalenceClass(124.69.102.250 - 124.69.102.251)
124.69.102.248/31,EquivalenceClass(124.69.102.248 - 124.69.102.249)
124.69.102.246/31,EquivalenceClass(124.69.102.246 - 124.69.102.247)
124.69.102.244/31,EquivalenceClass(124.69.102.244 - 124.69.102.245)
124.69.102.242/31,EquivalenceClass(124.69.102.242 - 124.69.102.243)
124.69.102.240/31,EquivalenceClass(124.69.102.240 - 124.69.102.241)
124.69.102.238/31,EquivalenceClass(124.69.102.238 - 124.69.102.239)
124.69.102.236/31,EquivalenceClass(124.69.102.236 - 124.69.102.237)
124.69.102.234/31,EquivalenceClass(124.69.102.234 - 124.69.102.235)
124.69.102.232/31,EquivalenceClass(124.69.102.232 - 124.69.102.233)
124.69.102.230/31,EquivalenceClass(124.69.102.230 - 124.69.102.231)
124.69.102.228/31,EquivalenceClass(124.69.102.228 - 124.69.102.229)
124.69.102.226/31,EquivalenceClass(124.69.102.226 - 124.69.102.227)
124.69.102.224/31,EquivalenceClass(124.69.102.224 - 124.69.102.225)
124.69.102.222/31,EquivalenceClass(124.69.102.222 - 124.69.102.223)
124.69.102.218/31,EquivalenceClass(124.69.102.218 - 124.69.102.221)
124.69.102.216/31,EquivalenceClass(124.69.102.216 - 124.69.102.217)
124.69.102.214/31,EquivalenceClass(124.69.102.214 - 124.69.102.215)
124.69.102.212/31,EquivalenceClass(124.69.102.212 - 124.69.102.213)
124.69.102.210/31,EquivalenceClass(124.69.102.210 - 124.69.102.211)
124.69.102.208/31,EquivalenceClass(124.69.102.208 - 124.69.102.209)
124.69.102.206/31,EquivalenceClass(124.69.102.206 - 124.69.102.207)
124.69.102.204/31,EquivalenceClass(124.69.102.204 - 124.69.102.205)
124.69.102.202/31,EquivalenceClass(124.69.102.202 - 124.69.102.203)
124.69.102.200/31,EquivalenceClass(124.69.102.200 - 124.69.102.201)
124.69.102.198/31,EquivalenceClass(124.69.102.198 - 124.69.102.199)
124.69.102.196/31,EquivalenceClass(124.69.102.196 - 124.69.102.197)
124.69.102.194/31,EquivalenceClass(124.69.102.194 - 124.69.102.195)
124.69.49.74/31,EquivalenceClass(124.69.49.74 - 124.69.102.193)
124.69.49.72/31,EquivalenceClass(124.69.49.72 - 124.69.49.73)
124.69.49.70/31,EquivalenceClass(124.69.49.70 - 124.69.49.71)
124.69.49.68/31,EquivalenceClass(124.69.49.68 - 124.69.49.69)
124.69.49.66/31,EquivalenceClass(124.69.49.66 - 124.69.49.67)
124.69.49.64/31,EquivalenceClass(124.69.49.64 - 124.69.49.65)
124.69.49.62/31,EquivalenceClass(124.69.49.62 - 124.69.49.63)
124.69.49.60/31,EquivalenceClass(124.69.49.60 - 124.69.49.61)
124.69.49.58/31,EquivalenceClass(124.69.49.58 - 124.69.49.59)
124.69.49.56/31,EquivalenceClass(124.69.49.56 - 124.69.49.57)
124.69.49.54/31,EquivalenceClass(124.69.49.54 - 124.69.49.55)
124.69.49.52/31,EquivalenceClass(124.69.49.52 - 124.69.49.53)
124.69.49.50/31,EquivalenceClass(124.69.49.50 - 124.69.49.51)
124.69.49.48/31,EquivalenceClass(124.69.49.48 - 124.69.49.49)
124.69.49.46/31,EquivalenceClass(124.69.49.46 - 124.69.49.47)
124.69.49.44/31,EquivalenceClass(124.69.49.44 - 124.69.49.45)
124.69.49.42/31,EquivalenceClass(124.69.49.42 - 124.69.49.43)
124.69.49.40/31,EquivalenceClass(124.69.49.40 - 124.69.49.41)
124.69.49.38/31,EquivalenceClass(124.69.49.38 - 124.69.49.39)
124.69.49.36/31,EquivalenceClass(124.69.49.36 - 124.69.49.37)
124.69.49.34/31,EquivalenceClass(124.69.49.34 - 124.69.49.35)
124.69.49.32/31,EquivalenceClass(124.69.49.32 - 124.69.49.33)
124.69.49.30/31,EquivalenceClass(124.69.49.30 - 124.69.49.31)
124.69.49.28/31,EquivalenceClass(124.69.49.28 - 124.69.49.29)
124.69.49.26/31,EquivalenceClass(124.69.49.26 - 124.69.49.27)
124.69.49.22/31,EquivalenceClass(124.69.49.22 - 124.69.49.25)
124.69.49.20/31,EquivalenceClass(124.69.49.20 - 124.69.49.21)
124.69.49.18/31,EquivalenceClass(124.69.49.18 - 124.69.49.19)
124.69.49.16/31,EquivalenceClass(124.69.49.16 - 124.69.49.17)
124.69.49.14/31,EquivalenceClass(124.69.49.14 - 124.69.49.15)
124.69.49.12/31,EquivalenceClass(124.69.49.12 - 124.69.49.13)
124.69.49.10/31,EquivalenceClass(124.69.49.10 - 124.69.49.11)
124.69.49.8/31,EquivalenceClass(124.69.49.8 - 124.69.49.9)
124.69.49.6/31,EquivalenceClass(124.69.49.6 - 124.69.49.7)
124.69.49.4/31,EquivalenceClass(124.69.49.4 - 124.69.49.5)
124.69.49.2/31,EquivalenceClass(124.69.49.2 - 124.69.49.3)
124.69.49.0/31,EquivalenceClass(124.69.49.0 - 124.69.49.1)
124.69.23.62/31,EquivalenceClass(124.69.23.62 - 124.69.48.255)
124.69.23.60/31,EquivalenceClass(124.69.23.60 - 124.69.23.61)
124.69.23.58/31,EquivalenceClass(124.69.23.58 - 124.69.23.59)
124.69.22.252/30,EquivalenceClass(124.69.22.252 - 124.69.23.57)
124.69.22.250/31,EquivalenceClass(124.69.22.250 - 124.69.22.251)
124.69.22.248/31,EquivalenceClass(124.69.22.248 - 124.69.22.249)
124.69.22.246/31,EquivalenceClass(124.69.22.246 - 124.69.22.247)
124.69.22.244/31,EquivalenceClass(124.69.22.244 - 124.69.22.245)
124.69.22.242/31,EquivalenceClass(124.69.22.242 - 124.69.22.243)
124.69.22.240/31,EquivalenceClass(124.69.22.240 - 124.69.22.241)
124.69.22.238/31,EquivalenceClass(124.69.22.238 - 124.69.22.239)
124.69.22.236/31,EquivalenceClass(124.69.22.236 - 124.69.22.237)
124.69.22.234/31,EquivalenceClass(124.69.22.234 - 124.69.22.235)
124.69.22.232/31,EquivalenceClass(124.69.22.232 - 124.69.22.233)
124.69.22.230/31,EquivalenceClass(124.69.22.230 - 124.69.22.231)
124.69.22.224/30,EquivalenceClass(124.69.22.224 - 124.69.22.229)
124.69.22.222/31,EquivalenceClass(124.69.22.222 - 124.69.22.223)
124.69.22.220/31,EquivalenceClass(124.69.22.220 - 124.69.22.221)
124.69.22.218/31,EquivalenceClass(124.69.22.218 - 124.69.22.219)
124.69.22.216/31,EquivalenceClass(124.69.22.216 - 124.69.22.217)
124.69.22.214/31,EquivalenceClass(124.69.22.214 - 124.69.22.215)
124.69.22.212/31,EquivalenceClass(124.69.22.212 - 124.69.22.213)
124.69.22.210/31,EquivalenceClass(124.69.22.210 - 124.69.22.211)
124.69.22.208/31,EquivalenceClass(124.69.22.208 - 124.69.22.209)
124.69.22.206/31,EquivalenceClass(124.69.22.206 - 124.69.22.207)
124.69.22.204/31,EquivalenceClass(124.69.22.204 - 124.69.22.205)
124.69.22.202/31,EquivalenceClass(124.69.22.202 - 124.69.22.203)
124.69.22.200/31,EquivalenceClass(124.69.22.200 - 124.69.22.201)
124.69.22.198/31,EquivalenceClass(124.69.22.198 - 124.69.22.199)
124.69.22.196/31,EquivalenceClass(124.69.22.196 - 124.69.22.197)
124.69.22.194/31,EquivalenceClass(124.69.22.194 - 124.69.22.195)
124.69.22.192/31,EquivalenceClass(124.69.22.192 - 124.69.22.193)
124.69.22.188/30,EquivalenceClass(124.69.22.188 - 124.69.22.191)
124.69.22.186/31,EquivalenceClass(124.69.22.186 - 124.69.22.187)
124.69.22.184/31,EquivalenceClass(124.69.22.184 - 124.69.22.185)
124.69.22.182/31,EquivalenceClass(124.69.22.182 - 124.69.22.183)
124.69.22.180/31,EquivalenceClass(124.69.22.180 - 124.69.22.181)
124.69.22.178/31,EquivalenceClass(124.69.22.178 - 124.69.22.179)
124.69.22.176/31,EquivalenceClass(124.69.22.176 - 124.69.22.177)
124.69.22.174/31,EquivalenceClass(124.69.22.174 - 124.69.22.175)
124.69.22.172/31,EquivalenceClass(124.69.22.172 - 124.69.22.173)
124.69.22.170/31,EquivalenceClass(124.69.22.170 - 124.69.22.171)
124.69.22.168/31,EquivalenceClass(124.69.22.168 - 124.69.22.169)
124.69.22.166/31,EquivalenceClass(124.69.22.166 - 124.69.22.167)
124.69.22.164/31,EquivalenceClass(124.69.22.164 - 124.69.22.165)
124.69.22.162/31,EquivalenceClass(124.69.22.162 - 124.69.22.163)
124.69.22.160/31,EquivalenceClass(124.69.22.160 - 124.69.22.161)
124.69.22.128/27,EquivalenceClass(124.69.22.128 - 124.69.22.159)
124.69.22.126/31,EquivalenceClass(124.69.22.126 - 124.69.22.127)
124.69.22.124/31,EquivalenceClass(124.69.22.124 - 124.69.22.125)
124.69.22.122/31,EquivalenceClass(124.69.22.122 - 124.69.22.123)
124.69.22.120/31,EquivalenceClass(124.69.22.120 - 124.69.22.121)
124.69.22.118/31,EquivalenceClass(124.69.22.118 - 124.69.22.119)
124.69.22.116/31,EquivalenceClass(124.69.22.116 - 124.69.22.117)
124.69.22.114/31,EquivalenceClass(124.69.22.114 - 124.69.22.115)
124.69.22.112/31,EquivalenceClass(124.69.22.112 - 124.69.22.113)
124.69.22.110/31,EquivalenceClass(124.69.22.110 - 124.69.22.111)
124.69.22.108/31,EquivalenceClass(124.69.22.108 - 124.69.22.109)
124.69.22.106/31,EquivalenceClass(124.69.22.106 - 124.69.22.107)
124.69.22.104/31,EquivalenceClass(124.69.22.104 - 124.69.22.105)
124.69.22.102/31,EquivalenceClass(124.69.22.102 - 124.69.22.103)
124.69.22.100/31,EquivalenceClass(124.69.22.100 - 124.69.22.101)
124.69.22.98/31,EquivalenceClass(124.69.22.98 - 124.69.22.99)
124.69.22.96/31,EquivalenceClass(124.69.22.96 - 124.69.22.97)
124.69.22.94/31,EquivalenceClass(124.69.22.94 - 124.69.22.95)
124.69.22.92/31,EquivalenceClass(124.69.22.92 - 124.69.22.93)
124.69.22.90/31,EquivalenceClass(124.69.22.90 - 124.69.22.91)
124.69.22.88/31,EquivalenceClass(124.69.22.88 - 124.69.22.89)
124.69.22.86/31,EquivalenceClass(124.69.22.86 - 124.69.22.87)
124.69.22.84/31,EquivalenceClass(124.69.22.84 - 124.69.22.85)
124.69.22.82/31,EquivalenceClass(124.69.22.82 - 124.69.22.83)
124.69.22.80/31,EquivalenceClass(124.69.22.80 - 124.69.22.81)
124.69.22.78/31,EquivalenceClass(124.69.22.78 - 124.69.22.79)
124.69.22.76/31,EquivalenceClass(124.69.22.76 - 124.69.22.77)
124.69.22.74/31,EquivalenceClass(124.69.22.74 - 124.69.22.75)
124.69.22.72/31,EquivalenceClass(124.69.22.72 - 124.69.22.73)
124.69.22.70/31,EquivalenceClass(124.69.22.70 - 124.69.22.71)
124.69.22.68/31,EquivalenceClass(124.69.22.68 - 124.69.22.69)
124.69.22.66/31,EquivalenceClass(124.69.22.66 - 124.69.22.67)
124.69.22.64/31,EquivalenceClass(124.69.22.64 - 124.69.22.65)
124.69.22.62/31,EquivalenceClass(124.69.22.62 - 124.69.22.63)
124.69.22.60/31,EquivalenceClass(124.69.22.60 - 124.69.22.61)
124.69.22.58/31,EquivalenceClass(124.69.22.58 - 124.69.22.59)
124.69.22.56/31,EquivalenceClass(124.69.22.56 - 124.69.22.57)
124.69.22.54/31,EquivalenceClass(124.69.22.54 - 124.69.22.55)
124.69.22.52/31,EquivalenceClass(124.69.22.52 - 124.69.22.53)
124.69.22.50/31,EquivalenceClass(124.69.22.50 - 124.69.22.51)
124.69.22.48/31,EquivalenceClass(124.69.22.48 - 124.69.22.49)
124.69.22.46/31,EquivalenceClass(124.69.22.46 - 124.69.22.47)
124.69.22.44/31,EquivalenceClass(124.69.22.44 - 124.69.22.45)
124.69.22.42/31,EquivalenceClass(124.69.22.42 - 124.69.22.43)
124.69.22.40/31,EquivalenceClass(124.69.22.40 - 124.69.22.41)
124.69.22.38/31,EquivalenceClass(124.69.22.38 - 124.69.22.39)
124.69.22.36/31,EquivalenceClass(124.69.22.36 - 124.69.22.37)
124.69.22.34/31,EquivalenceClass(124.69.22.34 - 124.69.22.35)
124.69.22.32/31,EquivalenceClass(124.69.22.32 - 124.69.22.33)
124.69.22.30/31,EquivalenceClass(124.69.22.30 - 124.69.22.31)
124.69.22.28/31,EquivalenceClass(124.69.22.28 - 124.69.22.29)
124.69.22.26/31,EquivalenceClass(124.69.22.26 - 124.69.22.27)
124.69.22.24/31,EquivalenceClass(124.69.22.24 - 124.69.22.25)
124.69.22.22/31,EquivalenceClass(124.69.22.22 - 124.69.22.23)
124.69.22.20/31,EquivalenceClass(124.69.22.20 - 124.69.22.21)
124.69.22.18/31,EquivalenceClass(124.69.22.18 - 124.69.22.19)
124.69.22.16/31,EquivalenceClass(124.69.22.16 - 124.69.22.17)
124.69.22.14/31,EquivalenceClass(124.69.22.14 - 124.69.22.15)
124.69.22.12/31,EquivalenceClass(124.69.22.12 - 124.69.22.13)
124.69.22.10/31,EquivalenceClass(124.69.22.10 - 124.69.22.11)
124.69.22.8/31,EquivalenceClass(124.69.22.8 - 124.69.22.9)
124.69.22.6/31,EquivalenceClass(124.69.22.6 - 124.69.22.7)
124.69.22.4/31,EquivalenceClass(124.69.22.4 - 124.69.22.5)
124.69.22.2/31,EquivalenceClass(124.69.22.2 - 124.69.22.3)
124.69.22.0/31,EquivalenceClass(124.69.22.0 - 124.69.22.1)
124.69.21.200/29,EquivalenceClass(124.69.21.200 - 124.69.21.255)
124.69.21.198/31,EquivalenceClass(124.69.21.198 - 124.69.21.199)
124.69.21.196/31,EquivalenceClass(124.69.21.196 - 124.69.21.197)
124.69.21.194/31,EquivalenceClass(124.69.21.194 - 124.69.21.195)
124.69.20.254/31,EquivalenceClass(124.69.20.254 - 124.69.21.193)
124.69.20.252/31,EquivalenceClass(124.69.20.252 - 124.69.20.253)
124.69.20.250/31,EquivalenceClass(124.69.20.250 - 124.69.20.251)
124.69.20.248/31,EquivalenceClass(124.69.20.248 - 124.69.20.249)
124.69.17.32/27,EquivalenceClass(124.69.17.32 - 124.69.20.247)
124.69.17.30/31,EquivalenceClass(124.69.17.30 - 124.69.17.31)
124.69.17.28/31,EquivalenceClass(124.69.17.28 - 124.69.17.29)
124.69.17.26/31,EquivalenceClass(124.69.17.26 - 124.69.17.27)
124.69.17.24/31,EquivalenceClass(124.69.17.24 - 124.69.17.25)
124.69.17.22/31,EquivalenceClass(124.69.17.22 - 124.69.17.23)
124.69.17.20/31,EquivalenceClass(124.69.17.20 - 124.69.17.21)
124.69.16.224/27,EquivalenceClass(124.69.16.224 - 124.69.17.19)
124.69.16.222/31,EquivalenceClass(124.69.16.222 - 124.69.16.223)
124.69.16.220/31,EquivalenceClass(124.69.16.220 - 124.69.16.221)
124.69.16.218/31,EquivalenceClass(124.69.16.218 - 124.69.16.219)
124.69.16.216/31,EquivalenceClass(124.69.16.216 - 124.69.16.217)
124.69.16.214/31,EquivalenceClass(124.69.16.214 - 124.69.16.215)
124.69.16.212/31,EquivalenceClass(124.69.16.212 - 124.69.16.213)
124.69.16.210/31,EquivalenceClass(124.69.16.210 - 124.69.16.211)
124.69.16.128/26,EquivalenceClass(124.69.16.128 - 124.69.16.209)
124.69.16.126/31,EquivalenceClass(124.69.16.126 - 124.69.16.127)
124.69.16.124/31,EquivalenceClass(124.69.16.124 - 124.69.16.125)
124.69.16.122/31,EquivalenceClass(124.69.16.122 - 124.69.16.123)
124.69.16.120/31,EquivalenceClass(124.69.16.120 - 124.69.16.121)
124.69.16.118/31,EquivalenceClass(124.69.16.118 - 124.69.16.119)
124.69.16.116/31,EquivalenceClass(124.69.16.116 - 124.69.16.117)
124.69.16.114/31,EquivalenceClass(124.69.16.114 - 124.69.16.115)
124.69.16.112/31,EquivalenceClass(124.69.16.112 - 124.69.16.113)
124.69.16.110/31,EquivalenceClass(124.69.16.110 - 124.69.16.111)
124.69.16.108/31,EquivalenceClass(124.69.16.108 - 124.69.16.109)
124.69.16.106/31,EquivalenceClass(124.69.16.106 - 124.69.16.107)
124.69.16.104/31,EquivalenceClass(124.69.16.104 - 124.69.16.105)
124.69.16.102/31,EquivalenceClass(124.69.16.102 - 124.69.16.103)
124.69.16.100/31,EquivalenceClass(124.69.16.100 - 124.69.16.101)
124.69.16.98/31,EquivalenceClass(124.69.16.98 - 124.69.16.99)
124.69.16.96/31,EquivalenceClass(124.69.16.96 - 124.69.16.97)
124.69.16.94/31,EquivalenceClass(124.69.16.94 - 124.69.16.95)
124.69.16.92/31,EquivalenceClass(124.69.16.92 - 124.69.16.93)
124.69.16.90/31,EquivalenceClass(124.69.16.90 - 124.69.16.91)
124.69.16.88/31,EquivalenceClass(124.69.16.88 - 124.69.16.89)
124.69.16.86/31,EquivalenceClass(124.69.16.86 - 124.69.16.87)
124.69.16.84/31,EquivalenceClass(124.69.16.84 - 124.69.16.85)
124.69.16.82/31,EquivalenceClass(124.69.16.82 - 124.69.16.83)
124.69.16.80/31,EquivalenceClass(124.69.16.80 - 124.69.16.81)
124.69.16.78/31,EquivalenceClass(124.69.16.78 - 124.69.16.79)
124.69.16.76/31,EquivalenceClass(124.69.16.76 - 124.69.16.77)
124.69.16.74/31,EquivalenceClass(124.69.16.74 - 124.69.16.75)
124.69.16.72/31,EquivalenceClass(124.69.16.72 - 124.69.16.73)
124.69.16.70/31,EquivalenceClass(124.69.16.70 - 124.69.16.71)
124.69.16.68/31,EquivalenceClass(124.69.16.68 - 124.69.16.69)
124.69.16.66/31,EquivalenceClass(124.69.16.66 - 124.69.16.67)
124.69.16.64/31,EquivalenceClass(124.69.16.64 - 124.69.16.65)
124.69.16.62/31,EquivalenceClass(124.69.16.62 - 124.69.16.63)
124.69.16.60/31,EquivalenceClass(124.69.16.60 - 124.69.16.61)
124.69.16.58/31,EquivalenceClass(124.69.16.58 - 124.69.16.59)
124.69.16.56/31,EquivalenceClass(124.69.16.56 - 124.69.16.57)
124.69.16.54/31,EquivalenceClass(124.69.16.54 - 124.69.16.55)
124.69.16.52/31,EquivalenceClass(124.69.16.52 - 124.69.16.53)
124.69.16.50/31,EquivalenceClass(124.69.16.50 - 124.69.16.51)
124.69.16.48/31,EquivalenceClass(124.69.16.48 - 124.69.16.49)
124.69.16.46/31,EquivalenceClass(124.69.16.46 - 124.69.16.47)
124.69.16.44/31,EquivalenceClass(124.69.16.44 - 124.69.16.45)
124.69.16.42/31,EquivalenceClass(124.69.16.42 - 124.69.16.43)
124.69.16.40/31,EquivalenceClass(124.69.16.40 - 124.69.16.41)
124.69.16.38/31,EquivalenceClass(124.69.16.38 - 124.69.16.39)
124.69.16.36/31,EquivalenceClass(124.69.16.36 - 124.69.16.37)
124.69.16.34/31,EquivalenceClass(124.69.16.34 - 124.69.16.35)
124.69.16.32/31,EquivalenceClass(124.69.16.32 - 124.69.16.33)
124.69.16.30/31,EquivalenceClass(124.69.16.30 - 124.69.16.31)
124.69.16.28/31,EquivalenceClass(124.69.16.28 - 124.69.16.29)
124.69.16.26/31,EquivalenceClass(124.69.16.26 - 124.69.16.27)
124.69.16.24/31,EquivalenceClass(124.69.16.24 - 124.69.16.25)
124.69.16.22/31,EquivalenceClass(124.69.16.22 - 124.69.16.23)
124.69.16.20/31,EquivalenceClass(124.69.16.20 - 124.69.16.21)
124.69.16.18/31,EquivalenceClass(124.69.16.18 - 124.69.16.19)
124.69.16.16/31,EquivalenceClass(124.69.16.16 - 124.69.16.17)
124.69.16.14/31,EquivalenceClass(124.69.16.14 - 124.69.16.15)
124.69.16.12/31,EquivalenceClass(124.69.16.12 - 124.69.16.13)
124.69.16.10/31,EquivalenceClass(124.69.16.10 - 124.69.16.11)
124.69.16.8/31,EquivalenceClass(124.69.16.8 - 124.69.16.9)
124.69.16.6/31,EquivalenceClass(124.69.16.6 - 124.69.16.7)
124.69.16.4/31,EquivalenceClass(124.69.16.4 - 124.69.16.5)
124.69.16.2/31,EquivalenceClass(124.69.16.2 - 124.69.16.3)
124.69.8.0/21,EquivalenceClass(124.69.8.0 - 124.69.16.1)
124.69.7.255/32,EquivalenceClass(124.69.7.255 - 124.69.7.255)
124.69.7.254/32,EquivalenceClass(124.69.7.254 - 124.69.7.254)
124.69.7.248/30,EquivalenceClass(124.69.7.248 - 124.69.7.253)
124.69.7.247/32,EquivalenceClass(124.69.7.247 - 124.69.7.247)
124.69.7.246/32,EquivalenceClass(124.69.7.246 - 124.69.7.246)
124.69.7.245/32,EquivalenceClass(124.69.7.245 - 124.69.7.245)
124.69.7.244/32,EquivalenceClass(124.69.7.244 - 124.69.7.244)
124.69.7.243/32,EquivalenceClass(124.69.7.243 - 124.69.7.243)
124.69.7.242/32,EquivalenceClass(124.69.7.242 - 124.69.7.242)
124.69.7.241/32,EquivalenceClass(124.69.7.241 - 124.69.7.241)
124.69.7.240/32,EquivalenceClass(124.69.7.240 - 124.69.7.240)
124.69.7.239/32,EquivalenceClass(124.69.7.239 - 124.69.7.239)
124.69.7.238/32,EquivalenceClass(124.69.7.238 - 124.69.7.238)
124.69.7.237/32,EquivalenceClass(124.69.7.237 - 124.69.7.237)
124.69.7.236/32,EquivalenceClass(124.69.7.236 - 124.69.7.236)
124.69.7.235/32,EquivalenceClass(124.69.7.235 - 124.69.7.235)
124.69.7.234/32,EquivalenceClass(124.69.7.234 - 124.69.7.234)
124.69.7.233/32,EquivalenceClass(124.69.7.233 - 124.69.7.233)
124.69.7.232/32,EquivalenceClass(124.69.7.232 - 124.69.7.232)
124.69.7.231/32,EquivalenceClass(124.69.7.231 - 124.69.7.231)
124.69.7.230/32,EquivalenceClass(124.69.7.230 - 124.69.7.230)
124.69.7.229/32,EquivalenceClass(124.69.7.229 - 124.69.7.229)
124.69.7.228/32,EquivalenceClass(124.69.7.228 - 124.69.7.228)
124.69.7.223/32,EquivalenceClass(124.69.7.223 - 124.69.7.227)
124.69.7.222/32,EquivalenceClass(124.69.7.222 - 124.69.7.222)
124.69.7.221/32,EquivalenceClass(124.69.7.221 - 124.69.7.221)
124.69.7.220/32,EquivalenceClass(124.69.7.220 - 124.69.7.220)
124.69.7.219/32,EquivalenceClass(124.69.7.219 - 124.69.7.219)
124.69.7.218/32,EquivalenceClass(124.69.7.218 - 124.69.7.218)
124.69.7.217/32,EquivalenceClass(124.69.7.217 - 124.69.7.217)
124.69.7.216/32,EquivalenceClass(124.69.7.216 - 124.69.7.216)
124.69.7.215/32,EquivalenceClass(124.69.7.215 - 124.69.7.215)
124.69.7.212/31,EquivalenceClass(124.69.7.212 - 124.69.7.214)
124.69.7.211/32,EquivalenceClass(124.69.7.211 - 124.69.7.211)
124.69.7.210/32,EquivalenceClass(124.69.7.210 - 124.69.7.210)
124.69.7.209/32,EquivalenceClass(124.69.7.209 - 124.69.7.209)
124.69.7.208/32,EquivalenceClass(124.69.7.208 - 124.69.7.208)
124.69.7.207/32,EquivalenceClass(124.69.7.207 - 124.69.7.207)
124.69.7.206/32,EquivalenceClass(124.69.7.206 - 124.69.7.206)
124.69.7.205/32,EquivalenceClass(124.69.7.205 - 124.69.7.205)
124.69.7.204/32,EquivalenceClass(124.69.7.204 - 124.69.7.204)
124.69.7.203/32,EquivalenceClass(124.69.7.203 - 124.69.7.203)
124.69.7.202/32,EquivalenceClass(124.69.7.202 - 124.69.7.202)
124.69.7.201/32,EquivalenceClass(124.69.7.201 - 124.69.7.201)
124.69.7.200/32,EquivalenceClass(124.69.7.200 - 124.69.7.200)
124.69.7.199/32,EquivalenceClass(124.69.7.199 - 124.69.7.199)
124.69.7.198/32,EquivalenceClass(124.69.7.198 - 124.69.7.198)
124.69.7.197/32,EquivalenceClass(124.69.7.197 - 124.69.7.197)
124.69.7.196/32,EquivalenceClass(124.69.7.196 - 124.69.7.196)
124.69.7.195/32,EquivalenceClass(124.69.7.195 - 124.69.7.195)
124.69.7.194/32,EquivalenceClass(124.69.7.194 - 124.69.7.194)
124.69.7.193/32,EquivalenceClass(124.69.7.193 - 124.69.7.193)
124.69.7.192/32,EquivalenceClass(124.69.7.192 - 124.69.7.192)
124.69.7.191/32,EquivalenceClass(124.69.7.191 - 124.69.7.191)
124.69.7.190/32,EquivalenceClass(124.69.7.190 - 124.69.7.190)
124.69.7.189/32,EquivalenceClass(124.69.7.189 - 124.69.7.189)
124.69.7.188/32,EquivalenceClass(124.69.7.188 - 124.69.7.188)
124.69.7.187/32,EquivalenceClass(124.69.7.187 - 124.69.7.187)
124.69.7.186/32,EquivalenceClass(124.69.7.186 - 124.69.7.186)
124.69.7.185/32,EquivalenceClass(124.69.7.185 - 124.69.7.185)
124.69.7.184/32,EquivalenceClass(124.69.7.184 - 124.69.7.184)
124.69.7.183/32,EquivalenceClass(124.69.7.183 - 124.69.7.183)
124.69.7.182/32,EquivalenceClass(124.69.7.182 - 124.69.7.182)
124.69.7.181/32,EquivalenceClass(124.69.7.181 - 124.69.7.181)
124.69.7.180/32,EquivalenceClass(124.69.7.180 - 124.69.7.180)
124.69.7.179/32,EquivalenceClass(124.69.7.179 - 124.69.7.179)
124.69.7.178/32,EquivalenceClass(124.69.7.178 - 124.69.7.178)
124.69.7.177/32,EquivalenceClass(124.69.7.177 - 124.69.7.177)
124.69.7.176/32,EquivalenceClass(124.69.7.176 - 124.69.7.176)
124.69.7.175/32,EquivalenceClass(124.69.7.175 - 124.69.7.175)
124.69.7.174/32,EquivalenceClass(124.69.7.174 - 124.69.7.174)
124.69.7.173/32,EquivalenceClass(124.69.7.173 - 124.69.7.173)
124.69.7.172/32,EquivalenceClass(124.69.7.172 - 124.69.7.172)
124.69.7.171/32,EquivalenceClass(124.69.7.171 - 124.69.7.171)
124.69.7.170/32,EquivalenceClass(124.69.7.170 - 124.69.7.170)
124.69.7.169/32,EquivalenceClass(124.69.7.169 - 124.69.7.169)
124.69.7.168/32,EquivalenceClass(124.69.7.168 - 124.69.7.168)
124.69.7.167/32,EquivalenceClass(124.69.7.167 - 124.69.7.167)
124.69.7.166/32,EquivalenceClass(124.69.7.166 - 124.69.7.166)
124.69.7.165/32,EquivalenceClass(124.69.7.165 - 124.69.7.165)
124.69.7.164/32,EquivalenceClass(124.69.7.164 - 124.69.7.164)
124.69.7.163/32,EquivalenceClass(124.69.7.163 - 124.69.7.163)
124.69.7.162/32,EquivalenceClass(124.69.7.162 - 124.69.7.162)
124.69.7.161/32,EquivalenceClass(124.69.7.161 - 124.69.7.161)
124.69.7.160/32,EquivalenceClass(124.69.7.160 - 124.69.7.160)
124.69.7.159/32,EquivalenceClass(124.69.7.159 - 124.69.7.159)
124.69.7.158/32,EquivalenceClass(124.69.7.158 - 124.69.7.158)
124.69.7.156/31,EquivalenceClass(124.69.7.156 - 124.69.7.157)
124.69.7.155/32,EquivalenceClass(124.69.7.155 - 124.69.7.155)
124.69.7.154/32,EquivalenceClass(124.69.7.154 - 124.69.7.154)
124.69.7.153/32,EquivalenceClass(124.69.7.153 - 124.69.7.153)
124.69.7.152/32,EquivalenceClass(124.69.7.152 - 124.69.7.152)
124.69.7.151/32,EquivalenceClass(124.69.7.151 - 124.69.7.151)
124.69.7.150/32,EquivalenceClass(124.69.7.150 - 124.69.7.150)
124.69.7.149/32,EquivalenceClass(124.69.7.149 - 124.69.7.149)
124.69.7.148/32,EquivalenceClass(124.69.7.148 - 124.69.7.148)
124.69.7.147/32,EquivalenceClass(124.69.7.147 - 124.69.7.147)
124.69.7.146/32,EquivalenceClass(124.69.7.146 - 124.69.7.146)
124.69.7.145/32,EquivalenceClass(124.69.7.145 - 124.69.7.145)
124.69.7.144/32,EquivalenceClass(124.69.7.144 - 124.69.7.144)
124.69.7.143/32,EquivalenceClass(124.69.7.143 - 124.69.7.143)
124.69.7.142/32,EquivalenceClass(124.69.7.142 - 124.69.7.142)
124.69.7.141/32,EquivalenceClass(124.69.7.141 - 124.69.7.141)
124.69.7.140/32,EquivalenceClass(124.69.7.140 - 124.69.7.140)
124.69.7.139/32,EquivalenceClass(124.69.7.139 - 124.69.7.139)
124.69.7.138/32,EquivalenceClass(124.69.7.138 - 124.69.7.138)
124.69.7.137/32,EquivalenceClass(124.69.7.137 - 124.69.7.137)
124.69.7.136/32,EquivalenceClass(124.69.7.136 - 124.69.7.136)
124.69.7.135/32,EquivalenceClass(124.69.7.135 - 124.69.7.135)
124.69.7.134/32,EquivalenceClass(124.69.7.134 - 124.69.7.134)
124.69.7.133/32,EquivalenceClass(124.69.7.133 - 124.69.7.133)
124.69.7.132/32,EquivalenceClass(124.69.7.132 - 124.69.7.132)
124.69.7.131/32,EquivalenceClass(124.69.7.131 - 124.69.7.131)
124.69.7.130/32,EquivalenceClass(124.69.7.130 - 124.69.7.130)
124.69.7.129/32,EquivalenceClass(124.69.7.129 - 124.69.7.129)
124.69.7.128/32,EquivalenceClass(124.69.7.128 - 124.69.7.128)
124.69.7.32/27,EquivalenceClass(124.69.7.32 - 124.69.7.127)
124.69.7.31/32,EquivalenceClass(124.69.7.31 - 124.69.7.31)
124.69.7.29/32,EquivalenceClass(124.69.7.29 - 124.69.7.30)
124.69.7.28/32,EquivalenceClass(124.69.7.28 - 124.69.7.28)
124.69.7.27/32,EquivalenceClass(124.69.7.27 - 124.69.7.27)
124.69.7.26/32,EquivalenceClass(124.69.7.26 - 124.69.7.26)
124.69.7.25/32,EquivalenceClass(124.69.7.25 - 124.69.7.25)
124.69.7.24/32,EquivalenceClass(124.69.7.24 - 124.69.7.24)
124.69.7.23/32,EquivalenceClass(124.69.7.23 - 124.69.7.23)
124.69.7.22/32,EquivalenceClass(124.69.7.22 - 124.69.7.22)
124.69.7.21/32,EquivalenceClass(124.69.7.21 - 124.69.7.21)
124.69.7.20/32,EquivalenceClass(124.69.7.20 - 124.69.7.20)
124.69.7.19/32,EquivalenceClass(124.69.7.19 - 124.69.7.19)
124.69.7.18/32,EquivalenceClass(124.69.7.18 - 124.69.7.18)
124.69.7.17/32,EquivalenceClass(124.69.7.17 - 124.69.7.17)
124.69.7.16/32,EquivalenceClass(124.69.7.16 - 124.69.7.16)
124.69.7.15/32,EquivalenceClass(124.69.7.15 - 124.69.7.15)
124.69.7.14/32,EquivalenceClass(124.69.7.14 - 124.69.7.14)
124.69.7.13/32,EquivalenceClass(124.69.7.13 - 124.69.7.13)
124.69.7.12/32,EquivalenceClass(124.69.7.12 - 124.69.7.12)
124.69.7.8/30,EquivalenceClass(124.69.7.8 - 124.69.7.11)
124.69.7.7/32,EquivalenceClass(124.69.7.7 - 124.69.7.7)
124.69.7.4/31,EquivalenceClass(124.69.7.4 - 124.69.7.6)
124.69.7.3/32,EquivalenceClass(124.69.7.3 - 124.69.7.3)
124.69.0.0/22,EquivalenceClass(124.69.0.0 - 124.69.7.2)
119.45.23.192/26,EquivalenceClass(119.45.23.192 - 119.45.23.255)
119.45.23.128/26,EquivalenceClass(119.45.23.128 - 119.45.23.191)
119.45.23.64/26,EquivalenceClass(119.45.23.64 - 119.45.23.127)
119.45.23.0/26,EquivalenceClass(119.45.23.0 - 119.45.23.63)
119.45.22.192/26,EquivalenceClass(119.45.22.192 - 119.45.22.255)
119.45.22.0/26,EquivalenceClass(119.45.22.0 - 119.45.22.63)
119.39.63.0/26,EquivalenceClass(119.39.63.0 - 119.39.63.63)
119.34.255.192/26,EquivalenceClass(119.34.255.192 - 119.34.255.255)
119.34.255.128/26,EquivalenceClass(119.34.255.128 - 119.34.255.191)
119.34.255.64/26,EquivalenceClass(119.34.255.64 - 119.34.255.127)
119.34.255.0/26,EquivalenceClass(119.34.255.0 - 119.34.255.63)
119.34.254.192/26,EquivalenceClass(119.34.254.192 - 119.34.254.255)
119.34.254.128/26,EquivalenceClass(119.34.254.128 - 119.34.254.191)
119.34.254.64/26,EquivalenceClass(119.34.254.64 - 119.34.254.127)
119.34.254.0/26,EquivalenceClass(119.34.254.0 - 119.34.254.63)
119.34.253.192/26,EquivalenceClass(119.34.253.192 - 119.34.253.255)
119.34.253.128/26,EquivalenceClass(119.34.253.128 - 119.34.253.191)
119.34.253.64/26,EquivalenceClass(119.34.253.64 - 119.34.253.127)
119.34.253.0/26,EquivalenceClass(119.34.253.0 - 119.34.253.63)
119.34.252.192/26,EquivalenceClass(119.34.252.192 - 119.34.252.255)
119.34.252.128/26,EquivalenceClass(119.34.252.128 - 119.34.252.191)
119.34.252.64/26,EquivalenceClass(119.34.252.64 - 119.34.252.127)
119.34.252.0/26,EquivalenceClass(119.34.252.0 - 119.34.252.63)
119.34.251.0/24,EquivalenceClass(119.34.251.0 - 119.34.251.255)
119.34.250.192/26,EquivalenceClass(119.34.250.192 - 119.34.250.255)
119.34.250.128/26,EquivalenceClass(119.34.250.128 - 119.34.250.191)
119.34.250.0/26,EquivalenceClass(119.34.250.0 - 119.34.250.63)
119.34.249.192/26,EquivalenceClass(119.34.249.192 - 119.34.249.255)
119.34.249.128/26,EquivalenceClass(119.34.249.128 - 119.34.249.191)
119.34.249.64/26,EquivalenceClass(119.34.249.64 - 119.34.249.127)
119.34.249.0/26,EquivalenceClass(119.34.249.0 - 119.34.249.63)
119.34.248.192/26,EquivalenceClass(119.34.248.192 - 119.34.248.255)
119.34.248.128/26,EquivalenceClass(119.34.248.128 - 119.34.248.191)
119.34.248.64/26,EquivalenceClass(119.34.248.64 - 119.34.248.127)
119.34.248.0/26,EquivalenceClass(119.34.248.0 - 119.34.248.63)
119.34.240.0/21,EquivalenceClass(119.34.240.0 - 119.34.247.255)
119.34.220.192/26,EquivalenceClass(119.34.220.192 - 119.34.220.255)
119.34.220.128/26,EquivalenceClass(119.34.220.128 - 119.34.220.191)
119.34.220.64/26,EquivalenceClass(119.34.220.64 - 119.34.220.127)
119.34.220.0/26,EquivalenceClass(119.34.220.0 - 119.34.220.63)
119.34.219.192/26,EquivalenceClass(119.34.219.192 - 119.34.219.255)
119.34.219.128/26,EquivalenceClass(119.34.219.128 - 119.34.219.191)
119.34.219.64/26,EquivalenceClass(119.34.219.64 - 119.34.219.127)
119.34.219.0/26,EquivalenceClass(119.34.219.0 - 119.34.219.63)
119.34.217.160/27,EquivalenceClass(119.34.217.160 - 119.34.217.191)
119.34.217.128/27,EquivalenceClass(119.34.217.128 - 119.34.217.159)
119.34.217.96/27,EquivalenceClass(119.34.217.96 - 119.34.217.127)
119.34.217.64/27,EquivalenceClass(119.34.217.64 - 119.34.217.95)
119.34.217.32/27,EquivalenceClass(119.34.217.32 - 119.34.217.63)
119.34.217.0/27,EquivalenceClass(119.34.217.0 - 119.34.217.31)
119.34.216.224/27,EquivalenceClass(119.34.216.224 - 119.34.216.255)
119.34.216.192/27,EquivalenceClass(119.34.216.192 - 119.34.216.223)
119.34.216.160/27,EquivalenceClass(119.34.216.160 - 119.34.216.191)
119.34.216.128/27,EquivalenceClass(119.34.216.128 - 119.34.216.159)
119.34.216.64/26,EquivalenceClass(119.34.216.64 - 119.34.216.127)
119.34.211.0/24,EquivalenceClass(119.34.211.0 - 119.34.211.255)
119.34.3.192/26,EquivalenceClass(119.34.3.192 - 119.34.3.255)
119.34.3.128/26,EquivalenceClass(119.34.3.128 - 119.34.3.191)
119.34.3.64/26,EquivalenceClass(119.34.3.64 - 119.34.3.127)
119.34.3.0/26,EquivalenceClass(119.34.3.0 - 119.34.3.63)
23.184.0.0/15,EquivalenceClass(23.184.0.0 - 23.185.255.255)
23.180.0.0/16,EquivalenceClass(23.180.0.0 - 23.180.255.255)
23.178.0.0/15,EquivalenceClass(23.178.0.0 - 23.179.255.255)
23.146.0.0/15,EquivalenceClass(23.146.0.0 - 23.147.255.255)
23.144.0.0/15,EquivalenceClass(23.144.0.0 - 23.145.255.255)
